Mutation,DeMaSk delta fitness,DeMaSk classification,"Experimental data (DHFR-PCA yeast, Stability (MAVEdb))","Experimental data classification (DHFR-PCA yeast, Stability (MAVEdb))"
I14P,-0.3340722883498666,Damaging,-0.5485085786261057,Damaging
T27C,-0.4139538328824924,Damaging,-0.8803614167413731,Damaging
E6N,-0.0769904108245136,Neutral,-0.7356710431721634,Damaging
H50M,-0.1588468841129663,Neutral,-0.998593243402809,Damaging
P44H,-0.4658575818770757,Damaging,0.3767558319512597,Neutral
Y44F,-0.3785292512407085,Damaging,-0.0501824586466818,Neutral
K20D,0.1510999845000993,Neutral,0.6371370383946783,Neutral
C45G,-0.1509539613007354,Neutral,0.6393425266852282,Neutral
A41V,-0.2803002435666951,Damaging,-0.3283089355278537,Damaging
E10M,-0.3214186934116215,Damaging,-0.7370379461789627,Damaging
Y20H,0.0300216938014584,Neutral,-0.9989914381849928,Damaging
L1A,0.0288808485661375,Neutral,-0.1979900946385598,Damaging
H3G,-0.4246044413718888,Damaging,-0.0598036353722254,Neutral
D37P,-0.4094545805223015,Damaging,0.36664692422511,Neutral
F48L,-0.1963804686524297,Neutral,0.3173533213673072,Neutral
M47K,-0.1358274445583226,Neutral,0.7463088706999101,Neutral
A28Q,-0.3087920630094767,Damaging,-0.3221317079095906,Damaging
A32N,-0.2921331326574343,Damaging,-0.4212454418294219,Damaging
E39W,0.0470734351833524,Neutral,-0.5353579982689727,Damaging
I41S,-0.0884927076041201,Neutral,-0.6912392907322666,Damaging
P19I,-0.3501649112752728,Damaging,0.9799280219318778,Neutral
R32Y,-0.3149445757924626,Damaging,0.658046432593992,Neutral
M14Y,0.1307947578388297,Neutral,0.9915797469195372,Neutral
K13W,-0.2396392286705926,Neutral,0.7905405581843895,Neutral
A22H,-0.3872766625738478,Damaging,-0.2938196604587407,Damaging
N41V,-0.4193790411700899,Damaging,-0.994865351166023,Damaging
T2S,0.0739089459286583,Neutral,-0.2779951359078824,Damaging
H14P,-0.2140586217501936,Neutral,-0.4768551501441169,Damaging
S49V,-0.3454096969634498,Damaging,0.5565686731350925,Neutral
D14G,-0.3354905139394618,Damaging,0.659091680630824,Neutral
L18F,0.1813318611928225,Neutral,0.91369580695709,Neutral
C38K,0.2383180868944767,Neutral,0.4869402545147832,Neutral
