Mutation,GEMME Score,GEMME classification,"Experimental data (DHFR-PCA yeast, Stability (MAVEdb))","Experimental data classification (DHFR-PCA yeast, Stability (MAVEdb))"
I14P,-4.6959095698817945,Damaging,-0.5485085786261057,Damaging
T27C,0.9461846974284502,Neutral,-0.8803614167413731,Damaging
E6N,-3.141806966360965,Damaging,-0.7356710431721634,Damaging
H50M,0.8560932142605653,Neutral,-0.998593243402809,Damaging
P44H,-4.986566986228106,Damaging,0.3767558319512597,Neutral
Y44F,-0.2023682565158941,Neutral,-0.0501824586466818,Neutral
K20D,-4.528905844781005,Damaging,0.6371370383946783,Neutral
C45G,1.6595875787614562,Neutral,0.6393425266852282,Neutral
A41V,-4.876314012494955,Damaging,-0.3283089355278537,Damaging
E10M,1.1474094601164295,Neutral,-0.7370379461789627,Damaging
Y20H,-3.965052306717274,Damaging,-0.9989914381849928,Damaging
L1A,2.153271501206184,Neutral,-0.1979900946385598,Damaging
H3G,-4.69821421785013,Damaging,-0.0598036353722254,Neutral
D37P,1.237884481755286,Neutral,0.36664692422511,Neutral
F48L,-3.876805130951463,Damaging,0.3173533213673072,Neutral
M47K,-0.8230034568152051,Neutral,0.7463088706999101,Neutral
A28Q,-4.754677928808771,Damaging,-0.3221317079095906,Damaging
A32N,0.6357300840986171,Neutral,-0.4212454418294219,Damaging
E39W,-4.883273998489387,Damaging,-0.5353579982689727,Damaging
I41S,-0.5619626372673805,Neutral,-0.6912392907322666,Damaging
P19I,-3.4106096833519564,Damaging,0.9799280219318778,Neutral
R32Y,0.6872347557663745,Neutral,0.658046432593992,Neutral
M14Y,-3.4575855507813937,Damaging,0.9915797469195372,Neutral
K13W,-1.081310512778089,Neutral,0.7905405581843895,Neutral
A22H,-4.095397891142913,Damaging,-0.2938196604587407,Damaging
N41V,-2.7674185937144364,Neutral,-0.994865351166023,Damaging
T2S,-3.489098671741628,Damaging,-0.2779951359078824,Damaging
H14P,0.5262383574443557,Neutral,-0.4768551501441169,Damaging
S49V,-4.034562362338098,Damaging,0.5565686731350925,Neutral
D14G,-2.6786180756788176,Neutral,0.659091680630824,Neutral
L18F,-3.450391375055921,Damaging,0.91369580695709,Neutral
C38K,0.9465927732772572,Neutral,0.4869402545147832,Neutral
