protein,Mutation,"Stability classification, alphafold, (RaSP, FoldX)","Experimental data classification (DHFR-PCA yeast, Stability (MAVEdb))","Experimental data (DHFR-PCA yeast, Stability (MAVEdb))",DeMaSk delta fitness,GEMME Score,Local Int. classification (PMS2_AFmulti),Relative Side Chain Solvent Accessibility in wild-type,Mut_res,wt_res_position,Position,GEMME classification,DeMaSk classification,RaSP-FoldX_consensus_with_GEMME_local_priority,RaSP-FoldX_consensus_with_DeMaSK_local_voting,RaSP-FoldX_consensus_with_DeMaSK_local_priority,RaSP-FoldX_consensus_with_DeMaSK_local_weighted,WT_res,Mut_class,WT_class
test,H50M,Damaging,Damaging,-0.998593243402809,-0.1588468841129663,0.8560932142605653,Neutral,20,M,H50,50,Neutral,Neutral,Damaging,Neutral,Damaging,Neutral,H,Nonpolar,Basic
test,L1A,Damaging,Damaging,-0.1979900946385598,0.0288808485661375,2.153271501206184,Neutral,20,A,L1,1,Neutral,Neutral,Damaging,Neutral,Damaging,Neutral,L,Nonpolar,Nonpolar
test,A32N,Neutral,Damaging,-0.4212454418294219,-0.2921331326574343,0.6357300840986171,Neutral,20,N,A32,32,Neutral,Damaging,Neutral,Neutral,Damaging,Neutral,A,Polar,Nonpolar
test,E39W,Neutral,Damaging,-0.5353579982689727,0.0470734351833524,-4.883273998489387,Damaging,20,W,E39,39,Damaging,Neutral,Damaging,Neutral,Damaging,Neutral,E,Aromatic,Acidic
test,I41S,Neutral,Damaging,-0.6912392907322666,-0.0884927076041201,-0.5619626372673805,Neutral,20,S,I41,41,Neutral,Neutral,Neutral,Neutral,Neutral,Neutral,I,Polar,Nonpolar
test,N41V,Neutral,Damaging,-0.994865351166023,-0.4193790411700899,-2.7674185937144364,Neutral,20,V,N41,41,Neutral,Damaging,Neutral,Neutral,Damaging,Neutral,N,Nonpolar,Polar
test,T2S,Neutral,Damaging,-0.2779951359078824,0.0739089459286583,-3.489098671741628,Damaging,20,S,T2,2,Damaging,Neutral,Damaging,Neutral,Damaging,Neutral,T,Polar,Polar
test,H14P,Neutral,Damaging,-0.4768551501441169,-0.2140586217501936,0.5262383574443557,Neutral,20,P,H14,14,Neutral,Neutral,Neutral,Neutral,Neutral,Neutral,H,Nonpolar,Basic
